id,event,condition,language,text,spoken_text,clip_path,duration_s,licence_provider,review_status
intro_1,first_ball,,roman_urdu,Tayyar? Ball pe nazar!,تیار؟ بال پہ نظر!,assets/audio/vo_intro_1_ur.wav,2.05,eSpeak NG 1.51 synthetic placeholder (tools/gen_voice.py),PLACEHOLDER robotic TTS - replace with reviewed recording; text needs native-speaker review
intro_1,first_ball,,english,Ready? Eyes on the ball!,Ready? Eyes on the ball!,assets/audio/vo_intro_1_en.wav,1.69,eSpeak NG 1.51 synthetic placeholder (tools/gen_voice.py),PLACEHOLDER robotic TTS - replace with reviewed recording; text needs native-speaker review
six_1,six,,roman_urdu,Kya shot hai! Seedha chhakka!,کیا شاٹ ہے! سیدھا چھکا!,assets/audio/vo_six_1_ur.wav,2.37,eSpeak NG 1.51 synthetic placeholder (tools/gen_voice.py),PLACEHOLDER robotic TTS - replace with reviewed recording; text needs native-speaker review
six_1,six,,english,What a shot! That's six!,What a shot! That's six!,assets/audio/vo_six_1_en.wav,1.90,eSpeak NG 1.51 synthetic placeholder (tools/gen_voice.py),PLACEHOLDER robotic TTS - replace with reviewed recording; text needs native-speaker review
six_2,six,,roman_urdu,Seedha boundary ke paar!,سیدھا باؤنڈری کے پار!,assets/audio/vo_six_2_ur.wav,1.86,eSpeak NG 1.51 synthetic placeholder (tools/gen_voice.py),PLACEHOLDER robotic TTS - replace with reviewed recording; text needs native-speaker review
six_2,six,,english,That clears the rope!,That clears the rope!,assets/audio/vo_six_2_en.wav,1.30,eSpeak NG 1.51 synthetic placeholder (tools/gen_voice.py),PLACEHOLDER robotic TTS - replace with reviewed recording; text needs native-speaker review
six_3,six,,roman_urdu,Chhat pe gayi ball!,چھت پہ گئی بال!,assets/audio/vo_six_3_ur.wav,1.40,eSpeak NG 1.51 synthetic placeholder (tools/gen_voice.py),PLACEHOLDER robotic TTS - replace with reviewed recording; text needs native-speaker review
six_3,six,,english,That's gone onto the rooftops!,That's gone onto the rooftops!,assets/audio/vo_six_3_en.wav,1.64,eSpeak NG 1.51 synthetic placeholder (tools/gen_voice.py),PLACEHOLDER robotic TTS - replace with reviewed recording; text needs native-speaker review
four_1,four,,roman_urdu,Chauka! Zabardast timing!,چوکا! زبردست ٹائمنگ!,assets/audio/vo_four_1_ur.wav,2.29,eSpeak NG 1.51 synthetic placeholder (tools/gen_voice.py),PLACEHOLDER robotic TTS - replace with reviewed recording; text needs native-speaker review
four_1,four,,english,Four! Beautifully timed!,Four! Beautifully timed!,assets/audio/vo_four_1_en.wav,1.92,eSpeak NG 1.51 synthetic placeholder (tools/gen_voice.py),PLACEHOLDER robotic TTS - replace with reviewed recording; text needs native-speaker review
four_2,four,,roman_urdu,Ball rassi tak daud gayi!,بال رسّی تک دوڑ گئی!,assets/audio/vo_four_2_ur.wav,1.85,eSpeak NG 1.51 synthetic placeholder (tools/gen_voice.py),PLACEHOLDER robotic TTS - replace with reviewed recording; text needs native-speaker review
four_2,four,,english,Races away to the rope!,Races away to the rope!,assets/audio/vo_four_2_en.wav,1.44,eSpeak NG 1.51 synthetic placeholder (tools/gen_voice.py),PLACEHOLDER robotic TTS - replace with reviewed recording; text needs native-speaker review
four_3,four,,roman_urdu,Koi nahi rok sakta isse!,کوئی نہیں روک سکتا اسے!,assets/audio/vo_four_3_ur.wav,2.07,eSpeak NG 1.51 synthetic placeholder (tools/gen_voice.py),PLACEHOLDER robotic TTS - replace with reviewed recording; text needs native-speaker review
four_3,four,,english,Nobody's stopping that one!,Nobody's stopping that one!,assets/audio/vo_four_3_en.wav,1.68,eSpeak NG 1.51 synthetic placeholder (tools/gen_voice.py),PLACEHOLDER robotic TTS - replace with reviewed recording; text needs native-speaker review
perfect_runs,runs,timing=perfect,roman_urdu,Kya timing hai!,کیا ٹائمنگ ہے!,assets/audio/vo_perfect_runs_ur.wav,1.10,eSpeak NG 1.51 synthetic placeholder (tools/gen_voice.py),PLACEHOLDER robotic TTS - replace with reviewed recording; text needs native-speaker review
perfect_runs,runs,timing=perfect,english,Sweetly struck!,Sweetly struck!,assets/audio/vo_perfect_runs_en.wav,0.98,eSpeak NG 1.51 synthetic placeholder (tools/gen_voice.py),PLACEHOLDER robotic TTS - replace with reviewed recording; text needs native-speaker review
runs_1,runs,runs>=2,roman_urdu,"Bhaago, bhaago! Do run!",بھاگو، بھاگو! دو رن!,assets/audio/vo_runs_1_ur.wav,2.30,eSpeak NG 1.51 synthetic placeholder (tools/gen_voice.py),PLACEHOLDER robotic TTS - replace with reviewed recording; text needs native-speaker review
runs_1,runs,runs>=2,english,"Run hard, they'll get two!","Run hard, they'll get two!",assets/audio/vo_runs_1_en.wav,1.71,eSpeak NG 1.51 synthetic placeholder (tools/gen_voice.py),PLACEHOLDER robotic TTS - replace with reviewed recording; text needs native-speaker review
runs_2,runs,runs==1,roman_urdu,"Ek run, strike ghumao.",ایک رن، سٹرائیک گھماؤ۔,assets/audio/vo_runs_2_ur.wav,2.14,eSpeak NG 1.51 synthetic placeholder (tools/gen_voice.py),PLACEHOLDER robotic TTS - replace with reviewed recording; text needs native-speaker review
runs_2,runs,runs==1,english,"Push for one, keep it moving.","Push for one, keep it moving.",assets/audio/vo_runs_2_en.wav,2.04,eSpeak NG 1.51 synthetic placeholder (tools/gen_voice.py),PLACEHOLDER robotic TTS - replace with reviewed recording; text needs native-speaker review
runs_3,runs,runs==3,roman_urdu,Teen run! Kya daud hai!,تین رن! کیا دوڑ ہے!,assets/audio/vo_runs_3_ur.wav,2.08,eSpeak NG 1.51 synthetic placeholder (tools/gen_voice.py),PLACEHOLDER robotic TTS - replace with reviewed recording; text needs native-speaker review
runs_3,runs,runs==3,english,Three! Great running!,Three! Great running!,assets/audio/vo_runs_3_en.wav,1.51,eSpeak NG 1.51 synthetic placeholder (tools/gen_voice.py),PLACEHOLDER robotic TTS - replace with reviewed recording; text needs native-speaker review
dot_early,dot,timing=miss_early,roman_urdu,Is dafa thora jaldi.,اس دفعہ تھوڑا جلدی۔,assets/audio/vo_dot_early_ur.wav,1.59,eSpeak NG 1.51 synthetic placeholder (tools/gen_voice.py),PLACEHOLDER robotic TTS - replace with reviewed recording; text needs native-speaker review
dot_early,dot,timing=miss_early,english,A little early that time.,A little early that time.,assets/audio/vo_dot_early_en.wav,1.42,eSpeak NG 1.51 synthetic placeholder (tools/gen_voice.py),PLACEHOLDER robotic TTS - replace with reviewed recording; text needs native-speaker review
dot_late,dot,timing=miss_late,roman_urdu,Thora der ho gayi.,تھوڑی دیر ہو گئی۔,assets/audio/vo_dot_late_ur.wav,1.40,eSpeak NG 1.51 synthetic placeholder (tools/gen_voice.py),PLACEHOLDER robotic TTS - replace with reviewed recording; text needs native-speaker review
dot_late,dot,timing=miss_late,english,Just a touch late.,Just a touch late.,assets/audio/vo_dot_late_en.wav,1.13,eSpeak NG 1.51 synthetic placeholder (tools/gen_voice.py),PLACEHOLDER robotic TTS - replace with reviewed recording; text needs native-speaker review
dot_none,dot,timing=none,roman_urdu,Ball ko jaane diya.,بال کو جانے دیا۔,assets/audio/vo_dot_none_ur.wav,1.50,eSpeak NG 1.51 synthetic placeholder (tools/gen_voice.py),PLACEHOLDER robotic TTS - replace with reviewed recording; text needs native-speaker review
dot_none,dot,timing=none,english,Left that one alone.,Left that one alone.,assets/audio/vo_dot_none_en.wav,1.28,eSpeak NG 1.51 synthetic placeholder (tools/gen_voice.py),PLACEHOLDER robotic TTS - replace with reviewed recording; text needs native-speaker review
dot_field,dot,,roman_urdu,"Achhi fielding, koi run nahi.",اچھی فیلڈنگ، کوئی رن نہیں۔,assets/audio/vo_dot_field_ur.wav,2.57,eSpeak NG 1.51 synthetic placeholder (tools/gen_voice.py),PLACEHOLDER robotic TTS - replace with reviewed recording; text needs native-speaker review
dot_field,dot,,english,"Well fielded, no run.","Well fielded, no run.",assets/audio/vo_dot_field_en.wav,1.56,eSpeak NG 1.51 synthetic placeholder (tools/gen_voice.py),PLACEHOLDER robotic TTS - replace with reviewed recording; text needs native-speaker review
bowled_1,bowled,,roman_urdu,Arre! Stumps ur gaye!,ارے! سٹمپس اڑ گئے!,assets/audio/vo_bowled_1_ur.wav,2.13,eSpeak NG 1.51 synthetic placeholder (tools/gen_voice.py),PLACEHOLDER robotic TTS - replace with reviewed recording; text needs native-speaker review
bowled_1,bowled,,english,"Oh no, the stumps are down!","Oh no, the stumps are down!",assets/audio/vo_bowled_1_en.wav,1.95,eSpeak NG 1.51 synthetic placeholder (tools/gen_voice.py),PLACEHOLDER robotic TTS - replace with reviewed recording; text needs native-speaker review
bowled_2,bowled,,roman_urdu,Bowled! Agli ball pe dhyan.,بولڈ! اگلی بال پہ دھیان۔,assets/audio/vo_bowled_2_ur.wav,2.43,eSpeak NG 1.51 synthetic placeholder (tools/gen_voice.py),PLACEHOLDER robotic TTS - replace with reviewed recording; text needs native-speaker review
bowled_2,bowled,,english,Bowled! Focus on the next one.,Bowled! Focus on the next one.,assets/audio/vo_bowled_2_en.wav,2.32,eSpeak NG 1.51 synthetic placeholder (tools/gen_voice.py),PLACEHOLDER robotic TTS - replace with reviewed recording; text needs native-speaker review
caught_1,caught,,roman_urdu,Pakar liya! Kya catch hai.,پکڑ لیا! کیا کیچ ہے۔,assets/audio/vo_caught_1_ur.wav,2.31,eSpeak NG 1.51 synthetic placeholder (tools/gen_voice.py),PLACEHOLDER robotic TTS - replace with reviewed recording; text needs native-speaker review
caught_1,caught,,english,Taken! What a catch.,Taken! What a catch.,assets/audio/vo_caught_1_en.wav,1.68,eSpeak NG 1.51 synthetic placeholder (tools/gen_voice.py),PLACEHOLDER robotic TTS - replace with reviewed recording; text needs native-speaker review
caught_2,caught,,roman_urdu,"Hawa mein thi, pakri gayi.",ہوا میں تھی، پکڑی گئی۔,assets/audio/vo_caught_2_ur.wav,2.07,eSpeak NG 1.51 synthetic placeholder (tools/gen_voice.py),PLACEHOLDER robotic TTS - replace with reviewed recording; text needs native-speaker review
caught_2,caught,,english,Up in the air and held.,Up in the air and held.,assets/audio/vo_caught_2_en.wav,1.46,eSpeak NG 1.51 synthetic placeholder (tools/gen_voice.py),PLACEHOLDER robotic TTS - replace with reviewed recording; text needs native-speaker review
edge_1,edge,,roman_urdu,Bat ka kinara laga!,بیٹ کا کنارہ لگا!,assets/audio/vo_edge_1_ur.wav,1.54,eSpeak NG 1.51 synthetic placeholder (tools/gen_voice.py),PLACEHOLDER robotic TTS - replace with reviewed recording; text needs native-speaker review
edge_1,edge,,english,That's taken the edge!,That's taken the edge!,assets/audio/vo_edge_1_en.wav,1.31,eSpeak NG 1.51 synthetic placeholder (tools/gen_voice.py),PLACEHOLDER robotic TTS - replace with reviewed recording; text needs native-speaker review
last_ball_4,last_ball,needed==4,roman_urdu,"Aakhri ball, chaar runs chahiye!",آخری بال، چار رن چاہئیں!,assets/audio/vo_last_ball_4_ur.wav,2.44,eSpeak NG 1.51 synthetic placeholder (tools/gen_voice.py),PLACEHOLDER robotic TTS - replace with reviewed recording; text needs native-speaker review
last_ball_4,last_ball,needed==4,english,Four needed off the last ball!,Four needed off the last ball!,assets/audio/vo_last_ball_4_en.wav,1.75,eSpeak NG 1.51 synthetic placeholder (tools/gen_voice.py),PLACEHOLDER robotic TTS - replace with reviewed recording; text needs native-speaker review
last_ball_6,last_ball,needed==6,roman_urdu,"Aakhri ball, chhakka chahiye!",آخری بال، چھکا چاہیے!,assets/audio/vo_last_ball_6_ur.wav,2.24,eSpeak NG 1.51 synthetic placeholder (tools/gen_voice.py),PLACEHOLDER robotic TTS - replace with reviewed recording; text needs native-speaker review
last_ball_6,last_ball,needed==6,english,Six needed off the last ball!,Six needed off the last ball!,assets/audio/vo_last_ball_6_en.wav,1.83,eSpeak NG 1.51 synthetic placeholder (tools/gen_voice.py),PLACEHOLDER robotic TTS - replace with reviewed recording; text needs native-speaker review
last_ball_1,last_ball,needed==1,roman_urdu,"Aakhri ball, bas ek run!",آخری بال، بس ایک رن!,assets/audio/vo_last_ball_1_ur.wav,2.08,eSpeak NG 1.51 synthetic placeholder (tools/gen_voice.py),PLACEHOLDER robotic TTS - replace with reviewed recording; text needs native-speaker review
last_ball_1,last_ball,needed==1,english,Just one needed off the last ball!,Just one needed off the last ball!,assets/audio/vo_last_ball_1_en.wav,1.99,eSpeak NG 1.51 synthetic placeholder (tools/gen_voice.py),PLACEHOLDER robotic TTS - replace with reviewed recording; text needs native-speaker review
last_ball_n,last_ball,needed>=2,roman_urdu,Aakhri ball! Sab kuch is pe hai.,آخری بال! سب کچھ اس پہ ہے۔,assets/audio/vo_last_ball_n_ur.wav,2.66,eSpeak NG 1.51 synthetic placeholder (tools/gen_voice.py),PLACEHOLDER robotic TTS - replace with reviewed recording; text needs native-speaker review
last_ball_n,last_ball,needed>=2,english,Last ball - everything on it!,Last ball - everything on it!,assets/audio/vo_last_ball_n_en.wav,1.73,eSpeak NG 1.51 synthetic placeholder (tools/gen_voice.py),PLACEHOLDER robotic TTS - replace with reviewed recording; text needs native-speaker review
win_1,won,,roman_urdu,Jeet gaye! Mohallay ka hero!,جیت گئے! محلے کا ہیرو!,assets/audio/vo_win_1_ur.wav,2.38,eSpeak NG 1.51 synthetic placeholder (tools/gen_voice.py),PLACEHOLDER robotic TTS - replace with reviewed recording; text needs native-speaker review
win_1,won,,english,Victory! Hero of the neighbourhood!,Victory! Hero of the neighbourhood!,assets/audio/vo_win_1_en.wav,2.27,eSpeak NG 1.51 synthetic placeholder (tools/gen_voice.py),PLACEHOLDER robotic TTS - replace with reviewed recording; text needs native-speaker review
lost_1,lost,,roman_urdu,"Koi baat nahi, ek aur match!",کوئی بات نہیں، ایک اور میچ!,assets/audio/vo_lost_1_ur.wav,2.32,eSpeak NG 1.51 synthetic placeholder (tools/gen_voice.py),PLACEHOLDER robotic TTS - replace with reviewed recording; text needs native-speaker review
lost_1,lost,,english,Never mind - one more match!,Never mind - one more match!,assets/audio/vo_lost_1_en.wav,1.68,eSpeak NG 1.51 synthetic placeholder (tools/gen_voice.py),PLACEHOLDER robotic TTS - replace with reviewed recording; text needs native-speaker review
tied_1,tied,,roman_urdu,Barabar! Kya muqabla tha!,برابر! کیا مقابلہ تھا!,assets/audio/vo_tied_1_ur.wav,2.37,eSpeak NG 1.51 synthetic placeholder (tools/gen_voice.py),PLACEHOLDER robotic TTS - replace with reviewed recording; text needs native-speaker review
tied_1,tied,,english,All square! What a contest!,All square! What a contest!,assets/audio/vo_tied_1_en.wav,2.09,eSpeak NG 1.51 synthetic placeholder (tools/gen_voice.py),PLACEHOLDER robotic TTS - replace with reviewed recording; text needs native-speaker review
